# ESP32-S3-BOX-3, 16 MB flash. Partition table at 0x11000.
# Name,     Type, SubType,  Offset,   Size,     Flags
nvs,        data, nvs,      0x012000, 0x6000,
nvs_keys,   data, nvs_keys, 0x018000, 0x1000,   encrypted
otadata,    data, ota,      0x019000, 0x2000,
phy_init,   data, phy,      0x01B000, 0x1000,
coredump,   data, coredump, 0x01C000, 0x14000,
ota_0,      app,  ota_0,    0x030000, 0x300000,
ota_1,      app,  ota_1,    0x330000, 0x300000,
storage,    data, spiffs,   0x630000, 0x5D0000,
model,      data, spiffs,   0xC00000, 0x400000,
